V_lrrk2,g2019s_kin,Km_lrrk2,k_dephos,k_prod_WT,g2019s_prod,Vmax_CMA,k_nuc,Vmax_clear,Km_MVB,k_load,Km_load,Km_clear,Km_CMA,CI,bliss_excess_pp,control_total_aSyn,control_agg_fraction,V1_pass,V2_pass,V3_pass
0.00348609,2.27163,2.00616,0.00733318,0.00450919,1.80432,0.0473626,1.39805,0.187568,0.0412945,0.942822,1.39334,0.342711,0.787438,0.800488,8.84504,0.0903073,0.197763,1,0,0
0.0030534,1.78112,2.51701,0.00877795,0.00450576,1.41609,0.0522788,1.09386,0.185909,0.0462159,0.598101,1.18015,0.419942,0.516664,0.775961,5.65609,0.0921,0.254675,1,0,0
0.00369169,2.26548,2.59035,0.0067533,0.00571531,1.85516,0.0520495,1.57854,0.232841,0.0477884,0.847779,0.899129,0.480148,0.396928,0.803,8.74921,0.0941019,0.200119,1,0,0
0.00372739,1.75885,2.44188,0.00744748,0.0038657,1.16105,0.0495307,1.26761,0.191085,0.0406398,1.10076,1.10541,0.513163,0.320053,0.808359,6.95002,0.0568552,0.122834,1,0,0
0.00478048,2.5221,2.73931,0.00762122,0.0052989,1.75892,0.0502803,1.29556,0.165858,0.0491314,0.627057,1.07433,0.470244,0.365677,0.807493,8.05857,0.0996614,0.232465,1,0,0
0.00409353,2.13277,2.18614,0.00818057,0.00429957,2.04911,0.0483445,1.23445,0.154559,0.0346053,0.98664,1.10528,0.459285,0.81859,0.843236,9.34747,0.0963652,0.167375,1,0,0
0.00346405,2.69537,2.71292,0.00739597,0.00430238,1.43095,0.0412908,1.06269,0.247863,0.0534516,0.694269,0.932799,0.29414,0.374448,0.792872,5.61775,0.0788439,0.139642,1,0,0
0.00340712,2.13743,1.88739,0.00668373,0.00698226,1.94496,0.0407893,1.08455,0.178731,0.0419684,0.842598,0.996041,0.339895,0.766107,0.809372,9.95629,0.133717,0.194732,1,0,0
0.00399559,2.07775,2.2582,0.00698913,0.00297307,1.69284,0.0390582,1.14039,0.18795,0.0469938,0.703242,0.898117,0.605808,0.626983,0.822105,9.12497,0.0726419,0.151382,1,0,0
0.00316485,2.29958,2.69467,0.00743881,0.00491727,1.57248,0.0463291,1.26881,0.216226,0.0335724,0.923259,1.07594,0.556791,0.451473,0.816295,8.68037,0.0859258,0.169129,1,0,0
0.00330237,1.9005,2.3778,0.00686601,0.0041176,1.87901,0.0484397,1.24931,0.230985,0.0516907,0.711309,1.01734,0.663411,0.620354,0.785589,8.97586,0.0957181,0.234162,1,0,0
0.00315589,2.61196,2.20329,0.00774889,0.00465528,1.9624,0.0437024,0.849333,0.184603,0.0432816,0.784629,1.25002,0.67804,0.478318,0.815464,8.8545,0.119413,0.203388,1,0,0
0.00364855,2.58454,1.86395,0.00927592,0.00457428,1.53371,0.0513164,1.55389,0.23222,0.0568318,0.985737,1.35015,0.425238,0.516237,0.785889,7.73833,0.0773449,0.201997,1,0,0
0.00406286,2.19199,2.44223,0.00806636,0.00524166,1.63856,0.0435176,1.17061,0.180993,0.0502012,0.82766,1.25324,0.338796,0.279543,0.78134,6.86866,0.0949992,0.201764,1,0,0
0.00319017,2.61029,2.73978,0.00795334,0.00409463,1.6314,0.0438586,1.25863,0.142068,0.0370209,0.814655,1.39815,0.524702,0.761184,0.810898,9.71306,0.0888429,0.225896,1,0,0
0.00331633,2.2451,2.41163,0.00683702,0.00548209,1.25333,0.0444161,1.46453,0.169263,0.0444497,1.01761,1.19213,0.301135,0.401878,0.792864,8.12717,0.0747138,0.166532,1,0,0
0.00449194,2.29841,2.33075,0.00808464,0.00514569,1.49599,0.043907,1.3542,0.190685,0.0412707,1.01837,0.963208,0.891234,0.878672,0.880267,8.32062,0.0851439,0.153644,1,0,0
0.00288759,2.15182,2.45732,0.00675076,0.00413232,1.60551,0.0512395,1.22762,0.272114,0.043977,0.825422,1.38414,0.603347,0.558578,0.787147,7.39601,0.0851768,0.211687,1,0,0
0.0032857,2.07689,2.38309,0.00948748,0.00450466,1.78589,0.056355,1.43592,0.242864,0.0392007,0.940995,1.10406,0.690166,0.370014,0.793468,8.13376,0.0839401,0.209014,1,0,0
0.00360656,3.09285,2.43342,0.00848436,0.00476792,1.87106,0.0374936,1.24259,0.215168,0.0419922,0.814424,1.00784,0.462707,0.39637,0.815752,8.71429,0.0951819,0.174038,1,0,0
0.0025965,1.83729,2.50682,0.00955771,0.00606199,1.68804,0.0524385,1.51888,0.18649,0.0326381,0.842113,0.855009,0.454242,0.600068,0.777475,9.75762,0.101799,0.242232,1,0,0
0.00340852,1.55761,2.37143,0.00626019,0.00454447,2.06794,0.0424142,1.22198,0.253865,0.0457008,0.97045,1.0559,0.625801,0.406977,0.791522,9.06282,0.101095,0.20007,1,0,0
0.00392398,1.83028,1.98684,0.00933409,0.00482583,1.69047,0.0455597,1.3983,0.17396,0.0362456,1.01939,1.13926,0.645289,0.416926,0.831102,8.90405,0.086471,0.190679,1,0,0
0.00459031,2.31466,2.50892,0.0082161,0.0040978,1.25759,0.0390333,1.69275,0.251469,0.0399701,0.801135,1.30106,0.475366,0.338604,0.807435,7.03697,0.0601446,0.176083,1,0,0
0.00451439,2.36091,1.60034,0.00721966,0.00471879,1.78826,0.0469206,1.20492,0.203335,0.0440089,0.805191,1.05327,0.727951,0.37639,0.867961,7.1077,0.0900352,0.161315,1,0,0
0.00354316,1.62057,2.5315,0.00856793,0.0050142,1.90924,0.0489961,1.39536,0.22214,0.0404503,1.00178,1.05696,0.322435,0.645189,0.771379,8.15585,0.0982012,0.204513,1,0,0
0.00492855,1.90303,2.29888,0.00682758,0.00436193,1.67526,0.0380676,1.27141,0.166056,0.0386651,0.701605,0.950115,0.29846,0.720838,0.817697,8.92726,0.0859543,0.160831,1,0,0
0.00403013,1.64847,2.13431,0.00684296,0.00416352,1.33914,0.0513565,1.24906,0.221947,0.045567,1.03029,0.848281,0.842344,0.731614,0.849682,8.81909,0.0707987,0.126678,1,0,0
0.00417119,2.31781,1.63817,0.00880206,0.00438183,1.38626,0.0502056,1.44224,0.17693,0.0610099,0.69913,0.858762,0.353667,0.765744,0.793833,8.92918,0.0736199,0.173825,1,0,0
0.00482815,1.99894,2.52378,0.00711693,0.00478361,1.46897,0.054212,1.36094,0.247412,0.0348222,0.77841,0.974143,0.42625,0.406192,0.822335,7.14595,0.0745027,0.142578,1,0,0
0.00360435,2.27036,2.58072,0.00806135,0.00479477,1.61541,0.0508011,1.36085,0.191807,0.0411634,0.698239,0.964114,0.284216,0.40774,0.787161,6.86655,0.0831522,0.182179,1,0,0
0.00456205,2.02182,2.62688,0.00756301,0.00415752,2.03358,0.0500471,1.01919,0.241877,0.035836,0.816146,1.2311,0.456986,0.699448,0.807874,8.26714,0.102824,0.173004,1,0,0
0.00371814,2.19962,1.96548,0.00736101,0.00395281,1.44788,0.0447399,1.07709,0.228745,0.0611423,0.897941,0.952421,0.460933,0.313556,0.792426,7.0018,0.0721643,0.131354,1,0,0
0.00294426,2.11835,2.07752,0.00847744,0.00402381,1.59473,0.044287,1.44327,0.141222,0.0400079,0.939383,1.05489,0.316248,0.55147,0.789604,9.24644,0.0752944,0.17838,1,0,0
0.00392726,2.11044,1.96148,0.00677124,0.00440587,1.45896,0.0343846,1.18102,0.204989,0.0390215,0.828772,1.12776,0.65431,0.968507,0.843608,9.5068,0.0848897,0.163298,1,0,0
0.00416704,1.78037,1.56694,0.00746046,0.0046679,1.39763,0.047772,1.18144,0.219778,0.0400987,0.889714,0.85745,0.438372,0.4782,0.82912,8.08575,0.0762242,0.117518,1,0,0
0.00344127,2.18335,2.30729,0.00752575,0.00459418,1.50863,0.0391552,1.19976,0.242973,0.0445359,0.915366,1.36982,0.350997,0.582654,0.790672,7.16327,0.0865169,0.177291,1,0,0
0.00395285,2.25573,1.93749,0.00955245,0.00543841,1.46238,0.0419987,1.48794,0.192078,0.0319513,0.98104,1.11517,0.885999,0.556601,0.873057,8.15327,0.0836617,0.178417,1,0,0
0.0045935,1.81238,2.39803,0.00673894,0.00417132,1.78891,0.0391892,1.40168,0.219055,0.0501409,0.796995,1.30301,0.837831,0.804815,0.812864,10.094,0.0926373,0.246125,1,0,0
0.00407696,2.35101,3.57901,0.0105763,0.00411652,1.91095,0.0501956,1.33992,0.211709,0.0453014,0.964765,1.15085,0.553657,0.759189,0.776303,9.48032,0.0940323,0.231669,1,0,0
0.0039161,2.38506,2.70798,0.00966756,0.00555144,1.76057,0.047314,1.10322,0.216162,0.0360388,0.718866,1.22785,0.485139,0.576094,0.791592,8.37735,0.11432,0.231229,1,0,0
0.00367674,2.5852,2.83583,0.00811175,0.00421476,1.53114,0.0418945,1.52913,0.180591,0.0479352,0.834132,1.14282,0.786918,0.43355,0.819206,9.17306,0.0765911,0.221244,1,0,0
0.00308686,1.74626,2.10764,0.00958997,0.0044765,1.42385,0.0418551,1.23274,0.215306,0.0381364,0.733472,1.08273,0.575483,0.620001,0.778656,8.60914,0.0866518,0.22524,1,0,0
0.003675,3.31598,2.7263,0.00673582,0.00592994,1.64171,0.0512437,1.21383,0.179745,0.0474871,0.746912,0.990535,0.654557,0.35283,0.848508,7.64789,0.0989462,0.188056,1,0,0
0.00301787,2.38507,1.73965,0.00676003,0.00437171,1.3597,0.0387847,1.46471,0.216174,0.0365366,0.907509,1.39875,0.340319,0.509273,0.812763,7.62664,0.0706138,0.161398,1,0,0
0.00422255,2.44812,3.27372,0.00901197,0.00412923,1.47154,0.0650305,1.19994,0.205531,0.054702,1.08418,1.10461,0.537641,0.30615,0.787949,6.3328,0.0680755,0.150771,1,0,0
0.0043105,1.82513,2.83378,0.00812549,0.00446265,1.62858,0.0519418,1.06936,0.280994,0.0372689,0.747316,1.3375,0.633731,0.744137,0.792143,7.84542,0.097333,0.211625,1,0,0
0.00279116,2.33741,2.7789,0.0091842,0.00486272,1.34341,0.0451711,1.27319,0.21865,0.0488294,0.925734,1.53101,0.609673,0.44495,0.769561,7.26157,0.0881002,0.262088,1,0,0
0.00476804,2.09654,2.435,0.00777492,0.00327401,1.73426,0.0478969,1.28443,0.202558,0.0347268,0.848653,1.39532,0.474104,0.427507,0.821243,7.30609,0.0707657,0.162491,1,0,0
0.00332347,1.72646,2.68479,0.007881,0.00497376,2.06872,0.0507001,1.44695,0.231507,0.0358909,0.833898,0.929367,0.3817,0.486415,0.779302,8.27408,0.099317,0.211106,1,0,0
0.00437857,2.99278,1.98355,0.00776624,0.00456932,1.80064,0.0500487,1.39953,0.178956,0.0446731,0.95827,1.03115,0.905111,0.465976,0.899921,6.32145,0.0830231,0.153308,1,0,0
0.00339519,2.29774,2.24573,0.0061639,0.0046001,2.11364,0.0619306,1.2174,0.236988,0.0429506,0.874685,1.34688,0.645632,0.523692,0.816093,8.2497,0.103082,0.210773,1,0,0
0.00389556,1.66095,2.75097,0.00720057,0.0031319,1.95088,0.0589772,1.16225,0.248173,0.0376265,0.596633,1.05549,0.551394,0.520439,0.790059,6.65726,0.0802903,0.198592,1,0,0
0.00379232,2.29775,2.41126,0.00732564,0.00421983,1.59869,0.0435053,1.2666,0.175348,0.038814,0.848623,1.16661,0.490487,0.473196,0.821777,8.56701,0.0808846,0.17292,1,0,0
0.00404551,2.48343,2.58488,0.00582,0.00431325,1.84948,0.0495481,1.46777,0.216886,0.0370453,1.00693,0.908236,0.672052,0.49755,0.882697,7.14342,0.0780625,0.128975,1,0,0
0.00299379,2.07103,2.79611,0.00692769,0.0038513,1.59319,0.0405657,1.09876,0.220931,0.0474604,0.771642,1.2047,0.445189,0.485264,0.779045,7.02363,0.0853106,0.198732,1,0,0
0.00380361,2.74962,2.51885,0.00651378,0.0049897,1.60943,0.0427633,1.1686,0.206083,0.0417271,0.789148,0.903947,0.299602,0.519571,0.81743,8.15661,0.0890309,0.135248,1,0,0
0.003835,3.04938,2.27247,0.00881981,0.00552499,1.64855,0.0463933,1.24271,0.270019,0.0335792,0.83325,1.37068,0.484106,0.421292,0.821613,7.41776,0.0961945,0.184291,1,0,0
0.00310619,1.84858,3.08474,0.00645995,0.0044585,1.61807,0.0535327,1.02125,0.205681,0.050518,0.990803,1.18422,0.462352,0.84718,0.772292,8.73748,0.0976538,0.195358,1,0,0
0.00290562,2.54624,2.51908,0.00826841,0.00480604,1.71572,0.0527336,1.11496,0.171612,0.0431438,0.844803,1.14138,0.805721,0.420236,0.818165,8.60146,0.0984928,0.218109,1,0,0
0.00301271,2.08147,2.4064,0.00722434,0.00532612,1.63179,0.0363556,1.13062,0.170909,0.0401534,1.01072,1.20147,0.55361,0.340016,0.809066,9.17713,0.0996976,0.193966,1,0,0
0.00532714,2.18853,3.35417,0.00664373,0.00424111,2.45716,0.0390321,1.4114,0.196662,0.0372689,1.15915,0.957976,0.654478,0.696384,0.878854,8.37915,0.0967916,0.14817,1,0,0
0.00320807,1.65348,1.78706,0.00671168,0.00477503,1.74958,0.0445796,1.30471,0.239445,0.0472472,0.887221,1.01526,0.631362,0.527934,0.798416,9.38864,0.0930495,0.19882,1,0,0
0.00333764,2.01564,2.80657,0.0099801,0.00426543,1.21817,0.0500866,1.15752,0.230925,0.0397964,1.17113,1.13261,0.655543,0.347266,0.788545,7.44659,0.0670391,0.147533,1,0,0
0.00244622,2.2429,2.42774,0.00843029,0.00425005,1.37064,0.0360736,1.44015,0.230157,0.036922,0.77439,0.998461,0.28317,0.530777,0.786386,6.40854,0.0718222,0.171597,1,0,0
0.00423906,2.12541,1.8857,0.00734513,0.00566703,2.28998,0.047751,1.17755,0.153605,0.0333908,0.827118,1.15206,0.540017,0.462069,0.862723,8.09172,0.123518,0.206687,1,0,0
0.00241214,2.0813,1.84261,0.00682379,0.00518444,1.61426,0.0430076,1.61497,0.165116,0.0415168,0.910136,1.11774,0.352703,0.496626,0.787359,9.25401,0.0860855,0.216818,1,0,0
0.00421465,2.31882,2.44812,0.00792406,0.00471279,1.38108,0.043784,1.41397,0.129676,0.0471695,0.881737,0.946542,0.399696,0.47034,0.82643,8.97679,0.0743639,0.162474,1,0,0
0.00397273,2.07791,2.78074,0.00805067,0.00410422,1.55019,0.0474545,1.4785,0.229114,0.0414933,0.857229,1.10951,0.639832,0.371941,0.801628,8.11568,0.0723413,0.190423,1,0,0
0.00408722,1.66464,2.49758,0.00786339,0.00461792,1.20824,0.0580116,1.5167,0.207688,0.0451043,0.728053,1.20265,0.79842,0.351139,0.793089,7.22742,0.0675973,0.232208,1,0,0
0.00542442,2.16779,2.19357,0.0051951,0.00596894,1.74244,0.034572,1.51055,0.226852,0.0399253,0.770936,1.2426,0.536353,0.578627,0.860239,8.17812,0.100142,0.205401,1,0,0
0.00448803,2.62859,2.61626,0.00826127,0.00381246,1.40739,0.051853,1.46061,0.223619,0.0477616,0.771379,1.21219,0.371647,0.509445,0.799765,6.84669,0.0656029,0.167077,1,0,0
0.00457314,1.96924,2.52049,0.00774676,0.00481691,1.63794,0.0380056,1.63755,0.176917,0.0369504,0.924933,1.14416,0.393782,0.410487,0.815239,8.97326,0.0796517,0.187717,1,0,0
0.00364601,2.05866,2.5719,0.00635444,0.00487685,2.09308,0.0472682,1.16013,0.185631,0.0423819,0.763298,1.34028,0.287865,0.817538,0.787541,7.9885,0.115181,0.223687,1,0,0
0.0033635,1.8067,1.685,0.00673526,0.00524171,1.93357,0.0516302,1.29108,0.21095,0.0509236,0.735815,1.17621,0.285242,0.613572,0.784354,6.9808,0.106645,0.221283,1,0,0
0.00326395,2.15039,2.91021,0.00781241,0.00401533,1.57926,0.0496899,1.34255,0.199063,0.046102,0.884873,0.94746,0.2815,0.581002,0.776694,7.35892,0.075451,0.162097,1,0,0
0.00493354,1.94324,2.28534,0.00927107,0.00599513,1.68008,0.0553177,1.48345,0.190346,0.0311044,0.731331,1.17712,0.567014,0.430064,0.826553,8.29171,0.0982571,0.233116,1,0,0
0.00328309,1.72879,1.81415,0.00742957,0.00364659,1.65996,0.0406882,1.2434,0.284582,0.0424111,0.796118,1.08512,0.321344,0.747215,0.796048,6.46313,0.0778253,0.153693,1,0,0
0.00424021,2.02926,2.41587,0.00684179,0.00490102,1.36017,0.0477393,1.66024,0.22122,0.0385385,0.966563,1.49223,0.62259,0.5148,0.821985,8.57798,0.0735834,0.204322,1,0,0
0.00381173,2.02504,2.40045,0.00792433,0.00520824,1.69522,0.0481075,1.61769,0.180714,0.0425505,0.90057,1.30083,0.490553,0.515127,0.795804,9.28073,0.0915254,0.246538,1,0,0
0.00354556,2.64721,2.22441,0.00838614,0.00454815,1.67144,0.0381748,1.3368,0.205978,0.0337045,0.750106,1.0404,0.31608,0.347047,0.810529,7.46205,0.0820022,0.160319,1,0,0
0.00465468,1.8832,2.05272,0.00613753,0.00555173,1.9094,0.0481041,1.34233,0.192181,0.0403467,0.757601,1.22928,0.615396,0.657468,0.840852,8.95295,0.109214,0.229359,1,0,0
0.00507727,2.44378,2.56728,0.00879639,0.00366453,1.6649,0.0365528,1.67927,0.192148,0.0549344,0.982902,1.02516,0.303894,0.356881,0.794585,8.19704,0.0652021,0.15302,1,0,0
0.00436338,2.09441,1.86913,0.00731611,0.00595307,2.11794,0.0427202,1.38818,0.226814,0.0337269,0.773822,1.04799,0.564434,0.429026,0.846265,8.45404,0.112786,0.205991,1,0,0
0.00302778,2.30735,2.11989,0.00629403,0.00384276,1.609,0.0570138,1.29123,0.24303,0.0300617,0.739136,0.922183,0.460467,0.629966,0.831728,7.75862,0.0728548,0.13361,1,0,0
0.00341385,2.32511,2.09718,0.00950323,0.00475906,1.43692,0.0427852,1.20444,0.212503,0.0361026,1.01595,1.05574,0.465645,0.659547,0.810131,9.39176,0.0828724,0.147579,1,0,0
0.00333732,2.19737,3.05414,0.00804827,0.00482628,1.54898,0.0395078,1.72305,0.201987,0.055973,0.756495,1.34438,0.470132,0.566594,0.771052,7.44718,0.090556,0.311764,1,0,0
0.00448145,2.34832,2.63282,0.00598554,0.00430982,2.26089,0.0443124,1.39037,0.201896,0.0383569,0.669929,0.938405,0.828303,0.48828,0.870452,7.8862,0.0980163,0.20137,1,0,0
0.00312401,1.91911,2.66095,0.00656475,0.00420468,1.40714,0.0379688,1.69746,0.20257,0.0401228,0.765909,1.23931,0.509306,0.545832,0.788703,8.71613,0.0723652,0.233947,1,0,0
0.00385508,2.9696,2.60249,0.00684464,0.00448396,1.77272,0.0494389,1.11813,0.155025,0.0331024,0.919523,1.08839,0.288344,0.42384,0.843687,7.33723,0.0869499,0.126732,1,0,0
0.00279236,2.11275,2.05005,0.00695939,0.00456012,1.70993,0.0462734,1.60886,0.296596,0.0478449,0.814713,1.24668,0.40199,0.390277,0.79066,5.91345,0.0808803,0.214049,1,0,0
0.00327642,2.29635,2.81073,0.0105635,0.005633,1.84727,0.0413629,1.34081,0.224469,0.0413401,1.10844,0.984811,0.403577,0.560384,0.774343,9.55164,0.104378,0.200655,1,0,0
0.00504531,1.67457,2.056,0.00917949,0.00417101,2.26578,0.0405448,1.55678,0.204178,0.04511,0.71759,0.875252,0.630979,0.426587,0.810549,9.5558,0.0946921,0.230412,1,0,0
0.00325319,1.86204,1.99553,0.00926988,0.0040213,1.5337,0.0615985,1.24225,0.206721,0.0444924,0.801817,1.00448,0.733827,0.550352,0.793865,8.49396,0.0785985,0.200532,1,0,0
0.00339742,1.78546,1.9621,0.00648897,0.00334212,1.98406,0.0465697,1.43659,0.167233,0.0391502,0.808569,1.1264,0.469995,0.344168,0.81264,7.91384,0.0741156,0.185089,1,0,0
0.00439829,2.44492,2.36055,0.00883412,0.00553569,2.05062,0.0469972,1.26435,0.192529,0.0481276,0.754504,0.971085,0.590475,0.58494,0.815795,9.71575,0.115818,0.228088,1,0,0
0.00318443,2.90205,1.80482,0.00928542,0.00441637,1.23934,0.0570705,1.60702,0.191853,0.047955,0.794646,1.12224,0.525573,0.466522,0.805562,7.89955,0.0637597,0.185839,1,0,0
0.0040394,2.32875,2.15811,0.00791045,0.00427128,1.69745,0.0425681,1.34496,0.263042,0.0381714,0.673045,1.41455,0.545848,0.411342,0.808967,7.05357,0.085833,0.218207,1,0,0
0.00359661,1.91632,2.68678,0.00842149,0.0050748,1.71959,0.0337212,1.1093,0.215913,0.0282736,0.828314,0.954937,0.604618,0.471363,0.821464,9.47035,0.100887,0.173491,1,0,0
0.0033777,2.49867,2.45755,0.00889455,0.00509403,1.51734,0.057642,1.15407,0.193296,0.0374405,0.679328,1.22272,0.364582,0.407215,0.790203,6.38362,0.0902489,0.201344,1,0,0
0.00430103,2.5024,2.12645,0.00621882,0.00454653,1.30915,0.039412,1.25058,0.202047,0.0387405,0.820143,1.37025,0.6035,0.756253,0.852913,8.35497,0.0782833,0.166372,1,0,0
0.00309249,2.14531,2.18277,0.00744321,0.00540298,1.93116,0.0449081,1.56878,0.184424,0.0444126,1.09467,1.02127,0.531734,0.783822,0.816745,10.62,0.0988376,0.20778,1,0,0
0.00329059,2.21914,2.22654,0.00639966,0.00490689,1.46585,0.0587915,1.32959,0.200476,0.0423641,0.851244,1.08091,0.508658,0.420803,0.81514,7.71689,0.0781975,0.168639,1,0,0
0.00413325,2.00099,2.75565,0.00820415,0.00522959,1.52012,0.0421882,1.17164,0.190768,0.0297613,0.986187,0.932972,0.593194,0.338709,0.8507,7.79696,0.0857443,0.135694,1,0,0
0.00398745,3.19148,2.82714,0.00618469,0.00380843,1.73193,0.0453871,1.3682,0.182816,0.0555341,0.795216,1.31748,0.774661,0.419489,0.839486,8.10325,0.0791174,0.205035,1,0,0
0.00407103,2.79104,2.90492,0.00847018,0.00493305,1.68352,0.0554759,1.44662,0.21079,0.0392231,0.68429,1.08509,0.874756,0.432475,0.833969,8.19298,0.0889334,0.229768,1,0,0
0.00333025,2.02584,1.94925,0.00697027,0.00484177,1.98552,0.0495813,1.49665,0.236485,0.04011,1.04237,0.909311,0.518854,0.427042,0.825937,8.85343,0.0876,0.157494,1,0,0
0.00397175,2.10048,2.72941,0.00698793,0.0043925,2.28796,0.0400927,1.38448,0.213951,0.0427251,0.839009,0.915475,0.479794,0.464921,0.808374,9.45559,0.099123,0.192405,1,0,0
0.00364969,2.24178,1.95213,0.00604181,0.00452517,1.56278,0.0472707,1.6247,0.191646,0.0379961,0.970737,1.04324,0.508702,0.484397,0.856793,7.97633,0.0713964,0.147655,1,0,0
0.00352586,1.83777,3.00848,0.00654472,0.00468977,1.397,0.0429882,1.34367,0.211966,0.0361114,0.823283,1.17372,0.780443,0.635272,0.813775,9.57983,0.0827897,0.209916,1,0,0
0.00347527,2.03202,1.59807,0.00608852,0.00355434,1.82189,0.0399387,1.38095,0.22839,0.0387918,0.718497,1.33544,0.540876,0.345435,0.822925,7.30666,0.0762297,0.190045,1,0,0
0.00401285,1.98953,2.50278,0.00856524,0.00408557,1.79105,0.0291926,1.43885,0.154194,0.061498,0.883954,1.01578,0.702463,0.395154,0.801417,10.4362,0.0888833,0.245537,1,0,0
0.0038012,2.10588,2.33461,0.00695774,0.00493189,1.48896,0.0466425,1.45652,0.189217,0.0477278,0.901571,1.06541,0.428551,0.492734,0.802362,8.8849,0.080005,0.1813,1,0,0
0.00308096,2.5164,2.16975,0.00865778,0.00480527,1.43671,0.0476504,1.20505,0.215455,0.0396276,0.975342,1.00093,0.447787,0.405307,0.804447,8.13491,0.0790859,0.142801,1,0,0
0.00331466,2.11067,2.41041,0.00823089,0.00465368,1.55394,0.0362983,1.52668,0.191727,0.0447137,0.714451,1.39769,0.615278,0.382991,0.782575,8.43045,0.0898122,0.290662,1,0,0
0.00393397,2.68822,2.27317,0.00586259,0.00494572,2.19497,0.0360912,1.54573,0.199794,0.0415333,0.862678,1.11576,0.647711,0.352566,0.865,8.05724,0.0981917,0.199907,1,0,0
0.00354555,2.69567,1.7771,0.00647266,0.00358325,1.38867,0.0448512,1.08742,0.216756,0.0427788,0.934126,1.48541,0.371692,0.432822,0.823813,6.57429,0.0683279,0.124969,1,0,0
0.00408136,2.06448,2.30057,0.00817164,0.00351519,1.87435,0.0345214,1.34461,0.225532,0.0390514,0.899063,1.19933,0.426277,0.440229,0.801046,8.40129,0.0784154,0.169754,1,0,0
0.00421236,2.30122,2.5542,0.0080479,0.00424017,1.41979,0.0393473,1.08478,0.15307,0.0385389,0.732277,1.1245,0.466904,0.559226,0.818975,8.84459,0.0832444,0.171775,1,0,0
0.00442077,1.89711,2.2482,0.00714688,0.00405101,1.39111,0.0462741,1.37893,0.198468,0.045811,0.878356,1.2962,0.506532,0.523515,0.805614,8.37604,0.0712042,0.179527,1,0,0
0.00441743,2.06004,2.50171,0.00878537,0.00528779,1.88482,0.05037,1.27056,0.239819,0.039046,0.787023,1.07879,0.588293,0.810345,0.804402,9.55215,0.107827,0.218684,1,0,0
0.00433556,1.714,1.73038,0.00690182,0.00435676,1.5964,0.0380773,1.17432,0.208677,0.0315088,0.850633,1.21967,0.754903,0.573247,0.86167,8.18058,0.0861882,0.163475,1,0,0
0.00548111,1.81809,2.22186,0.00975398,0.00493599,1.71628,0.0443078,1.34441,0.184894,0.0410723,0.832745,1.24274,0.512335,0.644594,0.80595,9.48461,0.0963317,0.222142,1,0,0
0.00361553,2.49718,2.09955,0.00742623,0.00432313,1.80418,0.0385826,1.05032,0.151575,0.0583561,0.927937,1.41967,0.446928,0.700198,0.79579,9.80818,0.103508,0.211619,1,0,0
0.00309591,2.51915,1.66815,0.00981021,0.00427598,1.71177,0.0312965,1.17613,0.234595,0.0527321,0.722442,1.31996,0.526952,0.606198,0.783043,8.07479,0.0990179,0.241761,1,0,0
0.00361671,2.75858,1.80676,0.00833238,0.00581623,1.86718,0.0439317,1.43248,0.21517,0.0404017,0.984097,1.36221,0.332421,0.873184,0.810344,9.04408,0.104843,0.199519,1,0,0
0.00452248,2.3298,2.05892,0.00766665,0.0043256,1.8037,0.0432747,1.33964,0.242194,0.0373517,0.819855,1.07539,0.416441,1.07737,0.827056,9.01091,0.0875587,0.159877,1,0,0
0.00444974,1.99105,2.11984,0.00796445,0.0055844,1.63835,0.0521179,1.01991,0.219834,0.0513656,0.858886,1.01245,0.697836,0.37226,0.816159,8.14066,0.102335,0.177434,1,0,0
0.00431265,2.04645,2.2058,0.00832471,0.00513654,1.65977,0.0465821,1.53109,0.182283,0.0352002,0.945254,1.1812,0.405505,0.459621,0.818533,8.73369,0.0848174,0.18545,1,0,0
0.00333429,2.03362,2.84813,0.00762825,0.00391055,1.80067,0.0496557,1.31365,0.204817,0.0454233,0.941019,1.09767,0.422172,0.467062,0.778953,8.04952,0.0819347,0.188723,1,0,0
0.0043255,2.46831,2.19145,0.0115879,0.00673079,1.4208,0.0535237,1.14149,0.208271,0.0531566,0.941417,0.93111,0.584039,0.239541,0.799302,7.28953,0.094679,0.176743,1,0,0
0.00294326,2.20949,2.0623,0.0095868,0.00471159,2.01515,0.0466779,1.35961,0.21233,0.0565513,1.0684,0.941665,0.4625,0.829161,0.772901,10.1534,0.101756,0.215038,1,0,0
0.00330871,2.21064,2.49746,0.00731469,0.00509881,1.27653,0.0451787,1.50822,0.222327,0.0403514,0.880157,1.44947,0.356313,0.540879,0.791772,7.07258,0.0761931,0.200671,1,0,0
0.00380521,2.44042,1.96696,0.00962204,0.00526322,2.3558,0.04642,1.21105,0.158016,0.039227,0.69294,0.823667,0.385584,0.462259,0.814605,9.34325,0.118959,0.20532,1,0,0
0.00364152,3.23878,2.94928,0.00779279,0.00514532,1.57226,0.0431022,1.4284,0.203469,0.0535353,0.938357,0.953574,0.319751,0.524447,0.79399,8.8376,0.0839467,0.16192,1,0,0
0.00447316,1.87883,2.03045,0.0108502,0.00463907,1.58305,0.0666134,1.26835,0.174666,0.0426373,0.695054,0.878028,0.667952,0.423063,0.811652,7.81136,0.0824522,0.198201,1,0,0
0.00401928,1.86147,2.25158,0.00629258,0.00400876,2.1636,0.0513266,1.46835,0.206259,0.0399692,0.834973,1.04415,0.583742,0.486198,0.829021,8.68486,0.0875911,0.191282,1,0,0
0.00538822,2.15674,1.81776,0.00714956,0.00442939,1.53926,0.059659,1.3685,0.208213,0.0458071,0.858627,0.83423,0.613417,0.590345,0.872146,7.23826,0.0732719,0.1233,1,0,0
0.00346761,2.30629,1.71434,0.00956398,0.00399566,2.30167,0.0364078,1.50881,0.225349,0.0406591,0.676207,1.03816,0.736192,0.646812,0.812339,9.95927,0.100369,0.254751,1,0,0
0.0042481,2.74922,2.51098,0.00749703,0.00526425,1.84718,0.05639,1.42394,0.226768,0.0490101,0.838254,0.946526,0.494783,0.515143,0.81961,8.67184,0.0929092,0.179717,1,0,0
0.00423852,1.70372,2.3758,0.00687058,0.00428001,2.18707,0.041284,1.18673,0.164055,0.0318058,0.80841,1.00489,0.615156,0.531325,0.852244,8.77543,0.102146,0.184172,1,0,0
0.00323377,2.58048,2.60917,0.00738201,0.00406429,1.5429,0.0479086,1.32967,0.200411,0.0502047,0.795396,1.09087,0.590398,0.542313,0.797755,8.84982,0.0785591,0.198329,1,0,0
0.00439103,2.04137,2.07687,0.00835171,0.00470734,1.87357,0.0511059,1.47377,0.178744,0.0414984,0.773053,1.03836,0.518848,0.787906,0.819822,9.68861,0.0935273,0.214805,1,0,0
0.00370028,1.7264,1.99114,0.00808596,0.00421437,1.58555,0.0495382,1.81976,0.185008,0.0449213,0.769411,0.940595,0.450865,0.463461,0.790748,8.74454,0.0705985,0.212752,1,0,0
0.00349749,2.37203,2.23496,0.00555356,0.00499842,1.7881,0.0369784,1.19762,0.19246,0.0466109,0.807273,1.28439,0.398341,0.645645,0.810425,8.99507,0.102769,0.199661,1,0,0
0.00392567,2.18529,2.9868,0.00772682,0.00348488,1.56152,0.0488613,1.45193,0.221821,0.0509442,0.870599,0.838306,0.412706,0.532732,0.786702,8.34653,0.0655216,0.148857,1,0,0
0.00278787,2.50038,3.33747,0.00733371,0.00409968,1.75491,0.0582544,1.34359,0.250848,0.0420451,0.868002,0.887128,0.555302,0.378227,0.787362,7.55722,0.0773014,0.171735,1,0,0
0.00284703,1.84294,2.01323,0.00707731,0.00403645,1.86956,0.0397633,1.22876,0.176838,0.0467025,0.785738,1.11459,0.590166,0.498462,0.78933,9.45823,0.0951493,0.233749,1,0,0
0.00365523,2.46029,2.46913,0.00769959,0.00435916,1.70492,0.0411721,1.65884,0.215893,0.0450476,0.761342,1.07703,0.61504,0.278622,0.80778,8.07617,0.0765008,0.215626,1,0,0
0.00358535,1.99611,1.96909,0.00838,0.00411571,1.42354,0.053293,0.999937,0.241592,0.049407,0.616841,1.07626,0.544928,0.678543,0.786385,7.16996,0.0864615,0.193238,1,0,0
0.00344821,2.14384,2.61002,0.00660961,0.00503956,1.96368,0.0391863,1.38636,0.209332,0.0359671,0.857519,1.07147,0.39405,0.448653,0.805672,8.92985,0.0982186,0.192581,1,0,0
0.00322487,2.33309,2.48209,0.00847625,0.00468825,1.71722,0.0421728,1.46156,0.188382,0.0458267,0.782597,0.991575,0.562006,0.816456,0.793567,10.3092,0.092902,0.235346,1,0,0
0.00424545,2.05457,1.89504,0.00603972,0.00481649,1.7051,0.0343339,1.29426,0.243171,0.0419439,0.834161,0.935811,0.614922,0.404477,0.850359,8.34985,0.0873543,0.149327,1,0,0
0.00342771,2.61011,2.00508,0.0073405,0.00461119,1.76268,0.0577608,1.32184,0.223752,0.0415262,0.652082,1.31592,0.622869,0.716955,0.813346,8.39163,0.0961026,0.239566,1,0,0
0.00318875,2.24512,3.10452,0.0105328,0.00467069,1.73928,0.0397113,1.28517,0.184454,0.0492562,0.789013,1.09854,0.634565,0.480587,0.766519,9.0366,0.104889,0.293253,1,0,0
0.00421879,2.91696,2.70338,0.00803214,0.0046713,1.84536,0.04697,1.28491,0.235748,0.040063,0.957568,1.52702,0.666918,0.432641,0.826203,8.23587,0.0941189,0.202894,1,0,0
0.00556569,2.08485,1.9236,0.00989413,0.00584095,1.47908,0.045458,1.23157,0.224391,0.0400304,0.940855,1.29071,0.906432,0.441816,0.852235,8.17485,0.0950046,0.190135,1,0,0
0.00337946,1.82316,2.40982,0.00794574,0.00456395,2.41889,0.0467562,1.09425,0.185903,0.0452088,0.82689,1.33096,0.653479,0.659371,0.782024,9.8804,0.133834,0.290627,1,0,0
0.00320593,2.19736,2.24477,0.00635849,0.00502616,1.50691,0.0432594,1.53306,0.187805,0.0519494,0.899639,0.983012,0.323445,0.51235,0.789253,8.79881,0.0797841,0.178095,1,0,0
0.00334553,1.84115,1.92895,0.00700069,0.00430008,1.70453,0.0380152,1.22435,0.188445,0.0376011,1.01899,1.16,0.952041,0.634044,0.861002,8.89374,0.0886988,0.17579,1,0,0
0.00327365,1.62441,2.08516,0.00609624,0.00522007,1.42627,0.0495251,1.66129,0.180228,0.0413669,1.11614,1.06982,0.462954,0.455395,0.814457,9.11003,0.074227,0.172477,1,0,0
0.00367021,2.13515,2.6405,0.00730604,0.00442804,1.65901,0.0427875,1.43953,0.224724,0.036951,0.952495,1.17002,0.482774,0.670536,0.807094,9.31377,0.0823471,0.180024,1,0,0
0.00328602,2.26553,2.20834,0.00664197,0.0048384,1.88334,0.038178,1.39669,0.232793,0.0402148,0.82825,1.11453,0.531489,0.356461,0.811593,8.60374,0.0932239,0.198905,1,0,0
0.00319644,1.99084,2.67459,0.00744025,0.00571676,1.80561,0.044655,1.16571,0.154085,0.0495465,1.01938,1.07538,0.84492,0.490414,0.82659,9.8773,0.115097,0.23797,1,0,0
0.00372048,2.60788,2.33855,0.00706848,0.00437629,1.28567,0.0453277,1.32151,0.248401,0.0463755,0.749514,1.25687,0.545967,0.799867,0.806939,8.44057,0.0751567,0.183184,1,0,0
0.00453487,1.9826,1.91836,0.0098676,0.00407564,1.37499,0.0461032,1.26455,0.247369,0.0369813,0.785171,1.25405,0.402969,0.681978,0.801724,7.3931,0.0739447,0.163578,1,0,0
0.00410224,2.13063,2.69243,0.00720132,0.00621712,1.94705,0.04099,1.50753,0.200212,0.0446094,1.00709,0.98402,0.762238,0.461563,0.844773,9.49005,0.107848,0.213988,1,0,0
0.0041133,2.38125,2.18555,0.00778035,0.00358381,1.68408,0.0430125,1.59585,0.156573,0.0358616,1.17988,1.2435,0.757064,0.39465,0.888816,6.67058,0.0652133,0.144277,1,0,0
0.00326216,2.06446,2.42196,0.00933716,0.00409986,1.67085,0.0440457,1.30882,0.177462,0.0342296,0.781294,1.10832,1.02876,0.783779,0.833388,9.9374,0.0893196,0.233037,1,0,0
0.00351377,1.80983,1.8062,0.00871705,0.00553217,2.2718,0.0440904,1.40521,0.196529,0.0521377,0.963496,0.991546,0.52602,0.370493,0.788146,9.73472,0.116472,0.244664,1,0,0
0.00379666,1.77739,2.40394,0.00904928,0.0055823,1.38152,0.0462146,1.08491,0.243711,0.0447567,0.707017,0.971093,0.591337,0.300367,0.779907,6.91639,0.0925627,0.203896,1,0,0
0.00377258,2.32043,2.11418,0.0072715,0.00468123,1.81436,0.0380281,1.21835,0.233307,0.0284603,0.971018,1.36112,0.883312,0.246333,0.872035,6.61158,0.0891539,0.166324,1,0,0
0.00332077,2.31926,2.904,0.0080297,0.00478079,1.6601,0.037749,1.64223,0.194486,0.0423601,0.801542,1.05585,0.418914,0.404773,0.783682,8.71718,0.0839833,0.228471,1,0,0
0.0042943,2.69753,2.42053,0.00636305,0.00457257,2.32133,0.0480618,1.2871,0.182975,0.0455905,0.808669,1.35026,0.692719,0.583387,0.848448,8.6903,0.111335,0.23295,1,0,0
0.00377625,2.38281,2.44737,0.00730619,0.00563772,1.64075,0.0423268,1.03058,0.200334,0.0334521,0.93982,0.986862,0.379949,0.253482,0.828904,7.20182,0.0956228,0.128587,1,0,0
0.00389175,2.1002,2.5926,0.00658362,0.00538401,1.85864,0.0586491,1.23805,0.245083,0.0372546,0.85159,1.07499,0.75863,0.570003,0.834967,8.63436,0.102633,0.191868,1,0,0
0.00501034,2.33378,2.39794,0.00749339,0.00481267,1.49433,0.0390903,1.22414,0.196079,0.0390086,1.16385,1.08492,0.458337,0.730553,0.855704,8.77799,0.0827509,0.120544,1,0,0
0.0039641,1.65642,1.93903,0.00949966,0.00458433,1.70763,0.038522,1.67088,0.203475,0.0384808,0.823266,1.75023,0.504909,0.559838,0.782804,8.12937,0.09294,0.302162,1,0,0
0.00301281,2.00054,1.7661,0.00873736,0.00417108,1.55592,0.0467459,1.40015,0.281912,0.0422666,0.982419,1.0009,0.371308,0.403867,0.785981,6.96216,0.0717024,0.145336,1,0,0
0.00370205,2.28512,2.73546,0.00868976,0.00424449,1.73947,0.0539391,1.08489,0.187011,0.0347984,0.918369,1.10989,0.385095,0.582641,0.800389,8.41947,0.0892633,0.15661,1,0,0
0.00464304,2.07662,2.57379,0.00892112,0.00488,1.87801,0.0382289,1.08834,0.173919,0.0384348,0.567118,1.0483,0.286868,0.67424,0.790026,7.86419,0.111517,0.217443,1,0,0
0.00384538,1.98958,2.04011,0.00726412,0.00454474,1.43614,0.0396303,1.44309,0.25022,0.0448079,0.853019,1.36695,0.348659,0.476196,0.79761,6.73832,0.0762344,0.182184,1,0,0
0.00440316,2.38611,2.51082,0.00774741,0.00525347,1.79691,0.0503417,1.06996,0.24847,0.0495934,0.93028,1.06778,0.506662,0.362855,0.804839,7.86234,0.100221,0.161963,1,0,0
0.00338322,1.96316,2.36817,0.00649012,0.0049488,2.0859,0.0444442,1.3036,0.275882,0.0481398,0.91403,1.28881,0.527741,0.802702,0.786459,8.89965,0.111163,0.233288,1,0,0
0.00430281,1.54619,2.61783,0.00804934,0.00368353,1.97561,0.0455478,1.22034,0.151778,0.0420213,0.839652,1.22367,0.53908,0.49729,0.791743,9.25107,0.0921645,0.23037,1,0,0
0.00345104,2.11032,2.28825,0.00656595,0.00441909,1.26194,0.0433009,1.29085,0.277468,0.0534266,1.00793,1.24965,0.495564,0.30125,0.789573,6.55434,0.0671455,0.150676,1,0,0
0.00349924,2.00646,1.93196,0.00719274,0.0054895,1.27594,0.0491803,1.41994,0.188859,0.0332463,0.765586,1.01798,0.592682,0.581205,0.839325,8.60612,0.0790849,0.1771,1,0,0
0.00467199,2.32003,2.17733,0.00926485,0.00553857,1.57305,0.0399087,1.49158,0.311629,0.0437429,0.795084,0.943368,0.633396,0.342575,0.811214,8.34674,0.085876,0.182313,1,0,0
0.00410663,2.37699,2.42439,0.00728583,0.00631793,1.68381,0.060479,1.45562,0.254288,0.0393446,0.90665,1.12433,0.471828,0.348581,0.815896,7.47523,0.0933864,0.18332,1,0,0
0.00380176,3.07254,3.06649,0.00742543,0.00619089,1.71323,0.0407119,1.31556,0.223642,0.0472621,0.864975,1.12001,0.604503,0.521237,0.815661,9.53802,0.108127,0.215462,1,0,0
0.00378072,1.8842,2.22544,0.00624284,0.00475201,1.93712,0.0415897,1.25031,0.216834,0.032232,0.853925,1.03723,0.504274,0.220231,0.834706,7.0652,0.0893501,0.157436,1,0,0
0.00345838,2.70575,2.04887,0.00642739,0.00361489,1.46029,0.0449036,1.23207,0.285637,0.0370958,0.724671,1.08922,0.703539,0.433431,0.841275,7.16045,0.0679045,0.139016,1,0,0
0.00380999,2.25231,2.17962,0.00748243,0.00385545,1.1337,0.0427396,1.50614,0.204399,0.0358566,0.800459,1.34507,0.369163,0.505597,0.811198,7.18785,0.0580159,0.155462,1,0,0
0.00377261,2.5053,2.11276,0.00899134,0.00429853,1.84604,0.053587,1.71103,0.269189,0.0363326,1.03974,0.88583,0.426231,0.541344,0.821184,8.6858,0.0732023,0.137781,1,0,0
0.00329251,2.55294,2.02514,0.00630461,0.00450636,1.53215,0.064616,1.37835,0.288019,0.0340819,0.75285,1.36482,0.413586,0.408178,0.823768,5.58336,0.0733462,0.161582,1,0,0
0.00358891,1.59657,2.73737,0.00859594,0.00414409,1.76609,0.0527157,1.08512,0.231665,0.0435428,0.731774,1.04895,0.442007,0.406095,0.774295,5.99779,0.0918163,0.209262,1,0,0
0.00354267,1.65532,2.27202,0.00992538,0.00486345,1.49869,0.0492624,1.46272,0.222926,0.0495728,0.721825,1.29709,0.350887,0.525278,0.787222,4.99265,0.0886377,0.265364,1,0,0
0.00369227,2.48953,1.90275,0.00867976,0.00421822,1.75543,0.0511013,1.47689,0.235966,0.0449653,0.686566,1.30918,0.550891,0.545703,0.799454,7.82215,0.085673,0.236962,1,0,0
0.00303436,2.18773,2.51255,0.0080828,0.00474455,1.96961,0.0391842,1.0912,0.155186,0.0437364,0.907573,1.14732,0.521681,0.27099,0.793327,8.68894,0.106113,0.218284,1,0,0
0.00401082,2.09758,3.03035,0.00627849,0.00391458,1.75386,0.0347124,1.1771,0.255415,0.0449804,0.78894,1.45564,0.565761,0.542481,0.794931,8.05048,0.0911683,0.21331,1,0,0
0.00344422,2.67164,1.81694,0.00913792,0.00533226,1.67429,0.0621455,1.38174,0.21804,0.0370608,0.781564,1.22158,0.599765,0.551487,0.820983,8.28949,0.0933711,0.212744,1,0,0
0.00390488,2.66429,2.25482,0.00800988,0.00366894,1.8905,0.0440435,1.68893,0.226914,0.0451583,0.63997,0.889617,0.48385,0.410848,0.810166,8.15848,0.0727087,0.191683,1,0,0
0.00434879,2.39533,2.47108,0.00754947,0.00481328,1.81069,0.0594814,1.27171,0.193389,0.0354606,0.823475,1.17506,0.858532,0.360088,0.864741,6.73382,0.0892835,0.185974,1,0,0
0.00273277,2.02651,2.2426,0.00678821,0.00649924,1.08229,0.0387548,1.22249,0.221292,0.0473591,0.84459,1.21624,0.453484,0.301765,0.779537,6.99869,0.0848213,0.201156,1,0,0
0.00373585,1.86297,1.65651,0.00664896,0.00433865,1.65683,0.0458796,1.34777,0.261822,0.0438726,0.871639,1.38361,0.708078,0.389367,0.815005,7.92212,0.0820726,0.19661,1,0,0
0.003961,1.95168,2.34974,0.00951448,0.00470727,1.57825,0.037597,1.40543,0.204118,0.0476905,0.936522,1.25081,0.712035,0.479041,0.791859,9.74073,0.0895566,0.240932,1,0,0
0.00458722,1.71267,2.7757,0.00644118,0.00354398,1.60948,0.0439342,1.51979,0.184187,0.0351406,0.854592,1.19694,0.389174,0.51919,0.811568,8.32136,0.0677982,0.167437,1,0,0
0.00347776,1.73496,2.3491,0.00661606,0.00418639,1.94928,0.0490819,1.23687,0.205688,0.0351935,0.682477,1.20952,0.705878,0.563487,0.809116,8.90401,0.0989772,0.239718,1,0,0
0.00318881,2.15619,2.30048,0.00749667,0.00378099,1.78336,0.0445103,1.11983,0.156698,0.0350636,0.745025,1.15211,0.630102,0.312975,0.824794,7.59747,0.0836027,0.188316,1,0,0
0.00412599,2.47539,2.08268,0.00674166,0.00610495,1.60441,0.0501491,1.2569,0.197898,0.0337011,0.8103,0.932685,0.374677,0.578239,0.850206,8.04735,0.0966225,0.146737,1,0,0
0.00343698,2.03165,2.3129,0.00771386,0.00326544,1.6579,0.041873,1.29513,0.178445,0.0474946,0.982398,1.20896,0.649615,0.3827,0.806695,8.54441,0.0702724,0.178507,1,0,0
0.00346569,2.24522,1.54895,0.00842439,0.00496782,1.46395,0.0482381,1.33786,0.177256,0.051714,0.860434,0.952577,0.958843,0.493264,0.856335,8.33622,0.0829363,0.185155,1,0,0
0.00382523,2.61558,2.65181,0.00778631,0.0040371,1.46485,0.0377409,1.21963,0.270138,0.0415048,0.834298,1.12517,0.594424,0.714642,0.810105,9.03131,0.0783218,0.160117,1,0,0
0.00404343,2.30235,2.88599,0.00740966,0.00537354,1.33404,0.0534376,1.43739,0.225608,0.0430016,0.798166,0.783507,0.421845,0.463692,0.806115,8.27168,0.0750185,0.147883,1,0,0
0.00326709,2.25173,1.88282,0.00684947,0.00352516,1.25131,0.0457769,1.28427,0.249719,0.0551925,0.873302,1.18465,0.350063,0.436246,0.79341,6.03153,0.0597501,0.133802,1,0,0
0.00378941,2.5468,2.55812,0.00737761,0.0044904,1.47134,0.0371124,1.15688,0.204864,0.0435277,0.811078,1.16303,0.860071,0.533419,0.837587,9.03371,0.0865154,0.185753,1,0,0
0.00381883,2.56297,2.7975,0.00580812,0.00429615,1.92703,0.0587037,1.19534,0.183384,0.0339486,0.818174,0.995671,0.833065,0.762991,0.888467,7.15259,0.0921005,0.157613,1,0,0
0.00384138,2.68831,2.61211,0.00762585,0.00515201,1.85875,0.0460342,1.20625,0.200089,0.0434792,1.02543,1.0136,0.476762,0.715986,0.827469,9.62732,0.100525,0.159809,1,0,0
0.00346356,2.53254,2.00056,0.00718353,0.00445427,2.06516,0.0464787,1.09852,0.171456,0.056561,0.908891,1.04047,0.643224,0.407932,0.83039,8.72162,0.102113,0.184238,1,0,0
0.00395432,1.99864,2.37997,0.00633324,0.00489362,1.94797,0.0446335,1.44825,0.184591,0.0405121,0.863522,1.26228,0.510405,0.430689,0.818684,8.87714,0.0965307,0.220271,1,0,0
0.00314365,2.1529,1.96129,0.00853598,0.0035336,1.72214,0.0441866,1.26891,0.206022,0.0463141,0.87807,0.910527,0.685695,0.36752,0.812358,8.42019,0.0735368,0.162183,1,0,0
0.00356927,1.90354,2.98677,0.00737181,0.00581677,1.20997,0.0539433,1.32175,0.202855,0.0497785,0.960859,1.34227,0.640696,0.463766,0.780205,8.34923,0.0858519,0.235089,1,0,0
0.00349199,2.03348,1.96003,0.00880436,0.00520718,1.74729,0.0431414,1.17697,0.194638,0.0407209,0.905458,1.2266,0.312118,0.513051,0.783895,8.06835,0.101483,0.192195,1,0,0
0.00382117,2.3009,1.99241,0.00784441,0.00439799,1.79548,0.0484008,1.47058,0.258524,0.0452471,0.91365,1.28185,0.390111,0.429926,0.798489,7.25257,0.0818531,0.182039,1,0,0
0.00361818,2.0141,2.56155,0.00704135,0.0061284,1.5145,0.0487552,1.05711,0.240447,0.0331962,0.851933,1.08624,0.33992,0.384424,0.800279,7.11978,0.0996643,0.153372,1,0,0
0.0043163,1.98784,2.06259,0.00680724,0.00521171,1.61829,0.0523011,1.28319,0.207267,0.0367573,0.8233,0.8826,0.518884,0.369167,0.847246,7.42372,0.0844113,0.142709,1,0,0
0.00483834,2.6684,2.50797,0.00730357,0.00386031,1.92198,0.0455427,1.31659,0.152304,0.0357196,0.621401,1.125,0.482504,0.288756,0.849613,6.71605,0.0812025,0.187865,1,0,0
0.00370096,1.92161,1.61882,0.00817841,0.0061486,1.50907,0.0503564,1.31882,0.19459,0.0579733,0.702317,1.23012,0.338678,0.359178,0.778353,6.37924,0.0999643,0.244194,1,0,0
0.00415709,1.89311,2.32826,0.00697531,0.00477142,1.49222,0.0492949,1.15346,0.205831,0.0399121,0.707209,0.906447,0.414502,0.245082,0.807073,6.25602,0.0772927,0.145823,1,0,0
0.00421416,2.55917,1.95364,0.00753537,0.00518685,1.68882,0.0515899,1.23916,0.171597,0.0429182,0.623578,1.16061,0.782674,0.561659,0.850647,8.25964,0.101446,0.232908,1,0,0
0.00499908,2.43934,1.82397,0.00614809,0.00445184,1.67695,0.0485776,1.19978,0.199146,0.0354017,0.719344,1.10139,0.672967,0.339313,0.888913,5.68526,0.08168,0.147901,1,0,0
0.0039642,2.27193,2.81484,0.00861084,0.00480459,1.76581,0.0581704,1.69441,0.257503,0.0410907,1.04607,1.07483,0.654725,0.600971,0.8093,9.38359,0.08189,0.196498,1,0,0
0.00371524,2.43611,2.63366,0.00729938,0.00472311,1.44543,0.0671997,1.18188,0.222183,0.0429405,0.979781,1.03425,0.676195,0.757397,0.831499,8.66882,0.0814697,0.147707,1,0,0
0.00393193,2.09353,2.5639,0.00636796,0.00473448,2.0274,0.047356,0.947647,0.185776,0.0418507,0.788279,0.837048,0.345312,0.634368,0.811375,9.05017,0.109941,0.144856,1,0,0
0.0036969,2.44281,2.13884,0.00814543,0.00607113,1.76672,0.0415602,1.57528,0.18149,0.0394757,0.910436,1.18745,0.313315,0.923154,0.802651,9.7311,0.10184,0.21516,1,0,0
0.00371964,1.85307,2.38027,0.00634427,0.00436905,2.17515,0.0402878,1.32921,0.242404,0.0496896,0.924393,1.10662,0.710242,0.442886,0.806129,9.50887,0.100539,0.214771,1,0,0
0.00387412,2.53734,3.05161,0.00743167,0.00421121,1.52203,0.0420193,1.51495,0.222935,0.0468582,1.09014,1.07703,0.695244,0.574667,0.826148,9.53452,0.0727992,0.164456,1,0,0
0.00425495,2.27848,2.25612,0.00845545,0.00474496,1.70409,0.044331,1.30701,0.168922,0.0381218,0.827998,1.27074,0.80903,0.556972,0.849234,8.78879,0.0939161,0.217831,1,0,0
0.00312525,1.96987,2.48919,0.00702659,0.00391562,1.58872,0.0457616,1.40969,0.180089,0.0412215,0.921954,1.23518,0.702968,0.585582,0.810687,9.53291,0.0780215,0.210437,1,0,0
0.00379722,3.03059,2.31749,0.00968684,0.00427148,1.97963,0.036891,1.48383,0.187682,0.0401565,0.806244,1.01684,0.21843,0.900193,0.797676,8.47299,0.0880541,0.17121,1,0,0
0.00395563,1.86956,2.65052,0.0067067,0.00483657,1.44991,0.0525425,1.06685,0.204705,0.0413866,0.629796,0.988655,0.519036,0.359999,0.798505,7.0084,0.0861053,0.181972,1,0,0
0.0035774,1.46145,2.35546,0.00655751,0.0038693,1.47548,0.0431514,1.21872,0.21671,0.0480953,0.895597,1.07392,0.720355,0.375602,0.793173,8.34356,0.074536,0.184165,1,0,0
0.0035,1.40326,2.32567,0.00700048,0.00547335,1.54814,0.0418319,1.86999,0.220285,0.0374071,0.661755,0.91046,0.699679,0.501754,0.795189,9.68608,0.0874793,0.274417,1,0,0
0.0040341,2.30853,2.11072,0.00692635,0.00519011,1.59459,0.0434533,1.26994,0.208943,0.051443,0.88572,1.27563,0.364272,0.37248,0.798069,7.58999,0.0898011,0.182442,1,0,0
0.0045015,2.35307,2.44227,0.00734395,0.00584349,1.75817,0.0432592,1.24913,0.19842,0.0480955,0.922932,1.21057,0.886423,0.575043,0.849586,9.13324,0.109298,0.216817,1,0,0
0.0037853,2.44226,2.55742,0.0059027,0.00396507,1.86832,0.0522918,1.27798,0.193791,0.0346098,0.857518,1.17051,0.611762,0.44476,0.857057,7.33895,0.0815903,0.159444,1,0,0
0.00342978,2.55032,2.29542,0.0076981,0.00361925,1.54932,0.0558626,1.62009,0.199245,0.0452074,0.847006,1.5217,0.232439,0.48879,0.802608,5.18573,0.0641233,0.176454,1,0,0
0.00386947,2.61666,2.36977,0.00660345,0.00470849,1.95097,0.0422855,1.30869,0.232385,0.0383906,0.819673,1.11803,0.582633,0.278488,0.838813,7.45544,0.0910669,0.174879,1,0,0
0.00380694,2.26976,2.26829,0.00727806,0.00372379,2.18099,0.0396471,1.53943,0.20038,0.0410729,1.10998,1.08154,0.705338,0.482972,0.855123,8.79084,0.0817112,0.166447,1,0,0
0.00407742,2.07216,2.00344,0.0067943,0.00520951,1.78264,0.0483096,1.28676,0.214055,0.0481537,0.862369,1.14915,0.328739,0.415379,0.79813,7.64586,0.0945318,0.178271,1,0,0
0.00337029,1.92685,2.42354,0.00992857,0.00565325,1.80509,0.0395963,1.45155,0.264544,0.0357898,0.744091,0.751722,0.31489,0.896258,0.78028,8.27821,0.100542,0.193356,1,0,0
0.00348112,2.17883,1.88073,0.00740369,0.00476011,1.66078,0.0384163,1.26183,0.186361,0.034849,0.684559,1.10053,0.39932,0.919569,0.814929,9.24168,0.0946989,0.19583,1,0,0
0.00379986,2.29348,2.31871,0.00685976,0.0052096,1.80001,0.050224,1.41164,0.158127,0.0458742,0.810437,1.11801,0.670248,0.459159,0.839072,8.76914,0.0969735,0.225394,1,0,0
0.00309034,2.35654,3.18367,0.00624916,0.00485636,1.57526,0.0552118,1.32641,0.170297,0.0310457,1.0414,1.11017,0.399557,0.473302,0.825311,8.2817,0.0807492,0.149829,1,0,0
0.00463998,1.64311,2.41767,0.00643944,0.00450525,1.87322,0.0440981,1.54408,0.21309,0.0463797,0.90627,0.810063,0.814745,0.316368,0.852227,8.03358,0.0802395,0.166846,1,0,0
0.00343674,1.78418,2.54413,0.0095936,0.00439964,1.84641,0.0407956,1.44021,0.265078,0.0471671,0.714699,1.13114,0.448758,0.460576,0.780806,5.95681,0.0950104,0.263725,1,0,0
0.00306178,2.58979,2.25989,0.00628567,0.00420558,1.48179,0.0566129,1.45821,0.248251,0.0434551,0.897725,0.970796,0.614386,0.448855,0.827745,7.8078,0.0679365,0.143872,1,0,0
0.00344841,2.3281,2.22757,0.0082474,0.00516356,1.9648,0.0473254,1.48634,0.223394,0.0382827,0.835143,1.33115,0.269155,0.786357,0.79262,7.32967,0.100999,0.217611,1,0,0
0.00366446,2.55637,2.27431,0.0061041,0.0036581,1.5105,0.0371264,1.49672,0.164932,0.0319064,0.954352,1.07481,0.368321,0.403703,0.86041,7.43398,0.0632418,0.120849,1,0,0
0.00361313,2.16094,2.18691,0.00511837,0.00401977,1.34263,0.0440891,1.39018,0.20373,0.0402062,0.809104,0.828491,0.6234,0.61396,0.86708,7.85809,0.0657307,0.121182,1,0,0
0.00410679,2.26275,2.02984,0.00714959,0.00441135,1.45346,0.0573244,1.40322,0.263582,0.0486769,0.870783,1.06585,0.516694,0.430816,0.811292,7.36903,0.0703793,0.150595,1,0,0
0.00324577,1.89798,2.44388,0.00625858,0.00449599,1.34342,0.0550766,1.30081,0.20016,0.0437289,0.788235,0.908431,0.434257,0.776569,0.796338,8.95884,0.0755769,0.162623,1,0,0
0.00282491,2.58108,1.89929,0.00717722,0.00422892,1.59634,0.0456654,1.15299,0.241504,0.0458179,0.92353,1.34926,0.731161,0.53248,0.811187,8.71663,0.0862945,0.186175,1,0,0
0.00384784,2.02048,2.48389,0.00724332,0.0035608,1.78194,0.0393301,1.657,0.273412,0.0471986,0.717847,1.1299,0.369109,0.399575,0.794974,6.12566,0.0707477,0.19574,1,0,0
0.00360081,2.29308,2.43833,0.0061937,0.00301398,1.34265,0.0418662,1.17441,0.179331,0.0320683,0.866559,1.30262,0.752941,0.591716,0.864577,7.48617,0.0617259,0.134327,1,0,0
0.00332933,2.37719,1.7681,0.00863681,0.00526395,1.46108,0.0478934,1.38872,0.211265,0.0551729,0.856326,0.929483,0.350063,0.700223,0.784871,8.79029,0.0851918,0.177425,1,0,0
0.00293877,2.26317,1.8472,0.00824372,0.00452994,1.93439,0.0367083,1.05902,0.197873,0.0386992,1.00408,1.09459,0.506332,0.455897,0.813111,9.37904,0.101562,0.165258,1,0,0
0.00456314,1.5769,2.26763,0.00615307,0.00360712,2.20691,0.0555621,1.53706,0.182461,0.0453787,0.900779,1.11939,0.611181,0.703402,0.826674,9.43622,0.0847868,0.204722,1,0,0
0.00365595,2.5967,2.4846,0.00679073,0.00449583,2.07057,0.0349915,1.60225,0.187,0.0479072,0.782545,1.27036,0.616721,0.288025,0.815512,8.85392,0.0944447,0.254881,1,0,0
0.00386233,2.48114,1.71784,0.00644822,0.00392552,1.53893,0.0443852,1.18125,0.207102,0.0276782,0.852853,0.978927,0.824561,0.308173,0.913582,4.60586,0.0694583,0.106204,1,0,0
0.0043199,2.50399,2.06979,0.0069126,0.00602447,1.19648,0.0556557,1.68423,0.207504,0.0459937,1.32801,0.982563,0.704657,0.601469,0.888743,7.11999,0.0688567,0.119632,1,0,0
0.00346514,2.57241,2.62066,0.00700268,0.00559557,1.55473,0.0457786,1.38998,0.271506,0.0518389,0.970359,1.07372,0.701608,0.297515,0.807351,8.17119,0.0868148,0.18595,1,0,0
0.00329661,2.57995,2.63776,0.00954542,0.00584636,1.62711,0.0388775,1.06274,0.223665,0.04552,1.18714,1.08084,0.667157,1.00182,0.807811,10.9806,0.111562,0.181414,1,0,0
0.00366028,2.37826,1.92121,0.00699188,0.00394169,1.27118,0.0452404,0.883189,0.16661,0.0381698,0.651576,1.10453,0.666818,0.470681,0.84779,7.15581,0.0774045,0.142363,1,0,0
0.00356722,1.78897,2.01924,0.00865398,0.00588112,1.64618,0.0432328,1.24776,0.216142,0.0422251,1.20936,1.08974,0.481896,0.591213,0.797668,10.0138,0.100953,0.176881,1,0,0
0.004413,2.06701,2.08863,0.00761767,0.00475828,1.65062,0.0605928,1.45667,0.252337,0.0501745,0.667284,1.00812,0.473713,0.512331,0.797192,7.38129,0.0834862,0.202328,1,0,0
0.00387276,1.92645,2.51393,0.0065364,0.00507211,2.04216,0.047781,1.38807,0.290875,0.0429787,0.758863,0.972967,0.429737,0.564024,0.794825,8.03292,0.101385,0.198956,1,0,0
0.00338506,2.53153,2.13602,0.00638166,0.00423795,1.76694,0.0442327,1.4328,0.223495,0.0568411,1.11124,1.18483,0.666373,0.537976,0.824806,9.34252,0.0815957,0.17431,1,0,0
0.00338975,2.53108,1.85866,0.0121041,0.00428035,1.53685,0.0443154,1.23422,0.150649,0.0535669,0.733681,0.945249,0.406677,0.563144,0.776644,8.98362,0.0857387,0.212321,1,0,0
0.00450315,2.29322,3.07748,0.00916641,0.00456198,1.43122,0.0529195,1.34429,0.218962,0.0462497,0.866188,1.0632,0.379374,0.77585,0.784879,8.27338,0.079156,0.176709,1,0,0
0.00409755,2.42961,2.12465,0.00839162,0.0040076,1.49241,0.0576813,1.7928,0.235345,0.031769,0.914786,0.95207,0.618053,0.772492,0.857819,8.28164,0.0628985,0.141517,1,0,0
0.00372255,1.64744,2.27839,0.00709979,0.00532663,1.60086,0.0553874,1.0698,0.146487,0.0457137,1.00513,1.01131,0.581602,0.462031,0.824089,8.73105,0.0973698,0.175912,1,0,0
0.0043311,2.17127,2.32403,0.00934136,0.00555014,1.68346,0.0431288,1.41112,0.198185,0.0495717,0.690923,1.04014,0.438143,0.464682,0.7838,8.51626,0.100672,0.245926,1,0,0
0.00375446,2.05731,1.92836,0.00754682,0.00529566,1.19683,0.0467587,1.36207,0.240423,0.0386143,0.840242,1.22094,0.439352,0.459788,0.806679,7.53249,0.0742148,0.165243,1,0,0
0.00356146,1.79876,2.54783,0.00805549,0.00466857,1.46023,0.0484501,1.36794,0.190579,0.0338444,0.896943,1.11333,0.617821,0.349709,0.811112,8.13315,0.076815,0.186056,1,0,0
0.00256294,2.31144,2.26523,0.00630581,0.00426908,1.56637,0.0406147,1.46648,0.159478,0.0314268,0.599151,1.17222,0.192337,0.531199,0.802843,6.24387,0.0778617,0.190528,1,0,0
0.00391792,2.15475,2.36515,0.0085071,0.00428103,1.66171,0.0611093,1.25589,0.198301,0.0470985,0.876628,1.10639,0.532023,0.41219,0.796695,7.65794,0.080456,0.182573,1,0,0
0.00376331,2.55411,2.41633,0.00635692,0.00400649,1.31671,0.0477563,1.55147,0.188404,0.052468,0.776204,0.877812,0.413698,0.543522,0.814929,8.53073,0.0625405,0.146434,1,0,0
0.00380239,2.01828,2.32081,0.00852642,0.00423597,1.47381,0.0530932,1.59305,0.253029,0.034786,0.885636,1.22477,0.313249,0.572846,0.798101,6.66849,0.0688454,0.164257,1,0,0
0.00411184,2.91136,1.97466,0.00749124,0.00680657,1.4581,0.0424206,1.23076,0.165258,0.0479106,1.20677,1.22709,0.659654,0.329631,0.879401,7.08842,0.0966822,0.153806,1,0,0
0.00391466,2.27737,2.45439,0.00590518,0.00527294,1.82378,0.034666,1.77569,0.203749,0.034354,0.824196,1.24933,0.409295,0.601662,0.830376,8.99274,0.0903333,0.216837,1,0,0
0.00420794,2.35388,2.06117,0.00768293,0.00449313,1.84657,0.0500379,1.17975,0.289101,0.0361491,0.969394,1.06075,0.661608,0.823028,0.845089,8.79421,0.0924187,0.14203,1,0,0
0.0033057,2.36036,2.03655,0.00700607,0.00350795,1.43555,0.0443751,1.34419,0.24735,0.041403,1.05771,0.836431,0.68459,0.455673,0.853108,7.79432,0.0613254,0.101768,1,0,0
0.00436946,2.6487,2.5433,0.0066654,0.0048159,1.9061,0.0414356,1.46067,0.23924,0.04315,0.716064,1.00705,0.472336,0.656708,0.824401,8.87619,0.0934775,0.192371,1,0,0
0.003893,1.9779,2.51726,0.00765272,0.00506447,1.1458,0.0459116,1.16014,0.205844,0.0369618,0.945165,1.00298,0.664113,0.547608,0.832901,8.64924,0.0749903,0.139166,1,0,0
0.00295141,2.62955,2.01994,0.00700711,0.00666426,1.90633,0.0303101,1.48952,0.216188,0.0307106,0.978178,1.30535,0.368546,0.557735,0.823603,9.29163,0.112694,0.207929,1,0,0
0.0041259,1.90593,2.20758,0.00849615,0.00510767,1.61195,0.0377346,1.1524,0.218985,0.0373156,1.03272,1.09128,0.326988,0.187934,0.796557,6.59395,0.0843839,0.136108,1,0,0
0.00375092,2.41632,2.2464,0.00723593,0.00410344,1.50128,0.0391865,1.53875,0.193483,0.043908,0.887583,1.57654,0.464237,0.493068,0.804929,8.35064,0.0745982,0.211417,1,0,0
0.0034923,2.15519,3.28558,0.00655926,0.00444487,1.8174,0.0426715,1.38127,0.212127,0.0449032,0.925749,1.49375,0.642025,0.631448,0.789341,9.44816,0.0971835,0.256974,1,0,0
0.00436656,2.2858,3.07324,0.00687218,0.00452932,1.8408,0.0460407,1.21522,0.192641,0.0416961,0.706442,1.00498,0.454858,0.399248,0.808743,8.16322,0.0926192,0.187748,1,0,0
0.00423184,2.01329,2.56626,0.00600461,0.00468624,2.11664,0.0416048,1.70913,0.2673,0.0446897,0.817741,1.2431,0.263482,0.528186,0.803437,6.5563,0.0904143,0.201069,1,0,0
0.00434223,2.32195,2.24342,0.00802615,0.00433537,1.5576,0.049269,1.29607,0.197232,0.0335286,1.01668,0.945773,0.396247,0.525921,0.845631,8.00873,0.0745931,0.114595,1,0,0
0.00376333,2.05488,1.84737,0.00628077,0.00430306,1.54529,0.0377058,1.24536,0.195913,0.0328883,0.763079,0.8797,0.305531,0.690096,0.834613,8.47245,0.079038,0.12457,1,0,0
0.00406503,1.60736,1.95658,0.00741302,0.00428224,1.65084,0.0454942,1.40285,0.162841,0.0414732,0.875358,0.914151,0.527076,0.706388,0.82787,9.73931,0.080874,0.172568,1,0,0
0.00437364,2.19305,2.86582,0.0072309,0.00362107,1.26972,0.0388174,1.53018,0.165747,0.0418895,0.753186,1.3644,0.50872,0.373677,0.807421,7.85394,0.0611951,0.196945,1,0,0
0.00265186,2.16344,2.84936,0.00638267,0.00366043,1.56073,0.0551194,1.21996,0.160963,0.0483338,0.816224,1.1446,1.13686,0.460107,0.826914,8.27854,0.0777588,0.224546,1,0,0
0.00357247,1.89893,2.87414,0.00843903,0.00556925,1.95408,0.0479902,1.1334,0.163234,0.043425,0.838607,0.961067,0.504162,0.427413,0.786379,9.48867,0.117828,0.234912,1,0,0
0.00294013,1.93353,2.53039,0.00591666,0.00518487,1.41962,0.0334147,1.43404,0.229875,0.0396871,0.880182,0.930082,0.611332,0.89197,0.812788,10.5168,0.0846249,0.181564,1,0,0
0.00316738,1.87392,2.15565,0.00931206,0.00406632,1.64585,0.042343,1.19357,0.186438,0.0462766,0.7847,1.49996,0.417611,0.805986,0.773824,7.30123,0.096074,0.261561,1,0,0
0.00432175,1.90425,2.74742,0.00852318,0.00442248,1.6067,0.0520138,1.33795,0.228649,0.0459315,1.0223,1.04337,0.381323,0.750603,0.783308,8.73719,0.0818673,0.165937,1,0,0
0.0035823,2.07313,2.89829,0.00605807,0.00397848,1.60407,0.0448018,1.09489,0.184294,0.0388386,0.93548,1.18643,0.671152,0.418129,0.832603,8.12353,0.0812538,0.158228,1,0,0
0.00313496,2.46084,2.13315,0.00625665,0.00416287,1.66766,0.0341715,1.24245,0.243687,0.0389871,0.930952,1.37406,0.551299,0.50404,0.819474,8.6867,0.0847106,0.172321,1,0,0
0.00408891,2.35078,2.29019,0.00636753,0.00411417,1.5836,0.0488137,1.58065,0.147201,0.036623,0.856855,1.47279,0.329146,0.437768,0.827067,7.59699,0.0716295,0.18641,1,0,0
0.00453134,2.40426,1.70772,0.00558026,0.00413398,1.30889,0.0451336,1.56688,0.204172,0.0434406,0.691643,0.98486,0.60632,0.584968,0.87227,7.29962,0.0638506,0.147505,1,0,0
0.00380915,2.38935,2.26243,0.00591742,0.00570727,1.64687,0.0380141,1.16618,0.18305,0.0400835,0.846216,1.00006,0.281939,0.415067,0.822155,8.26582,0.0977896,0.146379,1,0,0
0.00476869,2.23917,2.77437,0.00635936,0.00468271,1.61866,0.065177,1.69338,0.160223,0.0391922,1.00384,0.941419,0.250472,0.477217,0.82922,7.72149,0.0691726,0.130827,1,0,0
0.00460259,1.71019,2.08985,0.0070599,0.00384342,1.98542,0.0421569,1.32908,0.201124,0.0479129,0.890788,1.31946,0.363066,0.452548,0.792434,7.89694,0.0866886,0.193155,1,0,0
0.00406018,2.3296,1.76983,0.00693285,0.00523866,1.90592,0.0395604,1.29867,0.177764,0.0344728,0.770138,1.22829,0.381165,0.464039,0.839081,8.21467,0.101954,0.192932,1,0,0
0.00294668,2.10591,1.69641,0.00754767,0.00628,1.64288,0.0424311,1.56637,0.185838,0.0508898,0.846658,1.06394,0.73028,0.395248,0.813156,9.70744,0.10222,0.260329,1,0,0
0.00376528,2.16728,1.79569,0.00737353,0.00452454,1.80742,0.0439961,1.48318,0.193589,0.0524875,1.1996,0.986351,0.723463,0.644543,0.85737,9.09908,0.0832519,0.156539,1,0,0
0.00434007,2.62084,1.87668,0.00836677,0.00532214,1.7771,0.0500595,1.07505,0.205793,0.0283701,0.943161,1.03485,0.531045,0.677535,0.880325,7.33701,0.101067,0.13018,1,0,0
0.00433902,2.16689,2.61314,0.00669585,0.00532519,1.85578,0.0456133,1.1262,0.191701,0.0425811,0.834803,0.991581,0.496458,0.604729,0.826427,9.25573,0.106857,0.176369,1,0,0
0.00340419,2.12785,2.17723,0.00791767,0.00402244,1.60542,0.0474041,1.48626,0.236366,0.0506521,0.838236,1.07812,0.489497,0.365357,0.784898,7.40306,0.0727768,0.191714,1,0,0
0.00328477,1.71175,1.99563,0.00762277,0.00586788,1.8987,0.0465613,1.1807,0.242699,0.045579,0.814359,1.27833,0.357118,0.529987,0.778815,6.85207,0.119577,0.239008,1,0,0
0.00418865,1.71822,2.23791,0.00731204,0.00362228,1.67771,0.0441544,1.18016,0.184214,0.050791,0.717068,1.32899,0.472208,0.591267,0.784036,7.94155,0.0853963,0.223682,1,0,0
0.00345406,2.55873,2.1236,0.00866673,0.00548569,1.43619,0.0509494,1.19875,0.244518,0.0470253,0.769736,1.136,0.54364,0.338811,0.793839,7.11492,0.088461,0.193236,1,0,0
0.00355969,2.3628,2.74338,0.00850763,0.00568677,1.63002,0.0493967,1.20622,0.178335,0.0441144,0.877689,1.07678,0.609197,0.416636,0.805825,9.03883,0.101618,0.21469,1,0,0
0.00419978,2.60611,2.8508,0.00759875,0.00342852,1.95663,0.0481375,1.3843,0.21775,0.0397373,0.682367,1.03774,0.74642,0.51399,0.83155,8.45586,0.0792399,0.194155,1,0,0
0.00441224,2.29636,2.03848,0.00493928,0.00467562,1.69085,0.0363418,1.65505,0.23575,0.0437798,1.02904,1.03394,0.599041,0.497036,0.877197,7.72679,0.0759505,0.13997,1,0,0
0.00453007,1.7848,2.36184,0.00805794,0.00446252,1.5276,0.0552237,1.32857,0.24837,0.0502715,0.757952,1.1083,0.451771,0.476519,0.7855,6.83586,0.0798908,0.194432,1,0,0
0.00347209,1.8194,1.67666,0.0060034,0.00441207,1.85992,0.0385627,1.30086,0.217218,0.0400587,0.668444,1.02255,0.555558,0.496975,0.820722,8.80079,0.0928831,0.198937,1,0,0
0.00440824,1.7131,2.33874,0.00745362,0.00354096,1.60454,0.043766,1.14565,0.202548,0.0368519,0.763982,1.23255,0.378936,0.330468,0.799307,6.41313,0.0727522,0.156809,1,0,0
0.00281915,2.7229,2.5927,0.00739866,0.00458882,1.94428,0.0525886,1.15455,0.193012,0.0360162,0.786611,1.31268,0.487058,0.437363,0.800459,7.9878,0.101327,0.215064,1,0,0
0.00337165,2.46498,2.56368,0.00874763,0.00297136,1.66947,0.0418206,0.847679,0.18525,0.0453002,0.819733,1.06706,0.477811,0.551893,0.79124,8.23117,0.0803535,0.141747,1,0,0
